アマランサス　玄穀　,64.9,6,12.7,0,0,7.4,358,100,グラム,1,1
あわ,69.7,4.4,11.2,0,0,3.3,367,100,グラム,1,1
あわもち,45.3,1.3,5.1,0,0,1.5,214,100,グラム,1,1
おおむぎ　押麦　,77.8,1.3,6.2,0,0,9.6,340,100,グラム,1,1
おおむぎ　米粒麦　,76.2,2.1,7,0,0,8.7,343,100,グラム,1,1
大むぎ麺(乾燥),68,1.7,12.9,0,0,6.3,339,100,グラム,1,1
大麦麺(茹で),24.3,0.6,4.8,0,0,2.5,122,100,グラム,1,1
大麦焦がし,77.1,5,12.5,0,0,15.5,391,100,グラム,1,1
きび,70.9,3.3,11.3,0,0,1.6,363,100,グラム,1,1
こむぎ,72.2,3.1,10.6,0,0,10.8,337,100,グラム,1,1
薄力粉,75.8,1.5,8.3,0,0,2.5,367,100,グラム,1,1
中力粉,75.1,1.6,9,0,0,2.8,367,100,グラム,1,1
強力粉,71.7,1.5,11.8,0,0,2.7,365,100,グラム,1,1
プレミックス粉　お好み焼き用　,73.6,1.9,10.1,0,0,2.8,352,100,グラム,1,1
プレミックス粉　ホットケーキ用　,74.4,4,7.8,0,0,1.8,365,100,グラム,1,1
プレミックス粉　から揚げ用　,70,1.2,10.2,0,0,2.6,331,100,グラム,1,1
プレミックス粉　天ぷら用　,76.1,1.3,8.8,0,0,2.5,351,100,グラム,1,1
食パン,46.7,4.4,9.3,0,0,2.3,264,100,グラム,1,1
コッペパン,49.1,3.8,8.5,0,0,2,265,100,グラム,1,1
乾パン,78.8,4.4,9.5,0,0,3.1,393,100,グラム,1,1
フランスパン,57.5,1.3,9.4,0,0,2.7,279,100,グラム,1,1
ライ麦パン,52.7,2.2,8.4,0,0,5.6,264,100,グラム,1,1
ぶどうパン,51.1,3.5,8.2,0,0,2.2,269,100,グラム,1,1
ロールパン,48.6,9,10.1,0,0,2,316,100,グラム,1,1
クロワッサン,43.9,26.8,7.9,0,0,1.8,448,100,グラム,1,1
イングリッシュマフィン,40.8,3.6,8.1,0,0,1.2,228,100,グラム,1,1
ナン,47.6,3.4,10.3,0,0,2,262,100,グラム,1,1
ベーグル,54.6,2,9.6,0,0,2.5,275,100,グラム,1,1
うどん(生),56.8,0.6,6.1,0,0,1.2,270,100,グラム,1,1
うどん(茹で),21.6,0.4,2.6,0,0,0.8,105,100,グラム,1,1
乾燥うどん,71.9,1.1,8.5,0,0,2.4,348,100,グラム,1,1
乾燥うどん(茹で),25.8,0.5,3.1,0,0,0.7,126,100,グラム,1,1
そうめん・ひやむぎ(乾燥),72.7,1.1,9.5,0,0,2.5,356,100,グラム,1,1
そうめん・ひやむぎ(茹で),25.8,0.4,3.5,0,0,0.9,127,100,グラム,1,1
中華麺(生),55.7,1.2,8.6,0,0,2.1,281,100,グラム,1,1
中華麺(茹で),29.2,0.6,4.9,0,0,1.3,149,100,グラム,1,1
中華麺(蒸し),38.4,1.7,5.3,0,0,1.9,198,100,グラム,1,1
干し中華麺,73,1.6,10.5,0,0,2.9,365,100,グラム,1,1
干し中華麺(茹で),28.1,0.5,4.1,0,0,1.5,140,100,グラム,1,1
沖縄そば(生),54.2,2,9.2,0,0,2.1,284,100,グラム,1,1
沖縄そば(茹で）,28,0.8,5.2,0,0,1.5,147,100,グラム,1,1
即席中華めん　油揚げ味付け　,63.5,16.7,10.1,0,0,2.5,445,100,グラム,1,1
即席中華めん　油揚げ　,61.4,19.1,10.1,0,0,2.4,458,100,グラム,1,1
即席中華めん　非油揚げ　,67.1,5.2,10.3,0,0,2.3,356,100,グラム,1,1
パスタ(乾燥),73.9,1.9,12.2,0,0,2.7,379,100,グラム,1,1
パスタ(茹で),32,0.9,5.4,0,0,1.7,165,100,グラム,1,1
生パスタ,46.9,1.9,7.8,0,0,1.5,247,100,グラム,1,1
生麩,26.2,0.8,12.7,0,0,0.5,163,100,グラム,1,1
釜焼きふ　,56.9,2.7,28.5,0,0,3.7,385,100,グラム,1,1
板麩,57.3,3.3,25.6,0,0,3.8,379,100,グラム,1,1
車麩,54.2,3.4,30.2,0,0,2.6,387,100,グラム,1,1
小麦はいが　　,48.3,11.6,32,0,0,14.3,426,100,グラム,1,1
小麦たんぱく　粉末状　,10.6,9.7,72,0,0,2.4,437,100,グラム,1,1
小麦たんぱく　粒状　,1.8,2,20,0,0,0.4,111,100,グラム,1,1
小麦たんぱく　ペースト状　,3.9,4.1,25,0,0,0.5,159,100,グラム,1,1
ぎょうざの皮　　,57,1.4,9.3,0,0,2.2,291,100,グラム,1,1
しゅうまいの皮　　,58.9,1.4,8.3,0,0,2.2,295,100,グラム,1,1
ピザ生地　,51.1,3,9.1,0,0,2.3,268,100,グラム,1,1
ちくわぶ　　,31.1,1.2,7.1,0,0,1.5,171,100,グラム,1,1
パン粉　生　,47.6,5.1,11,0,0,3,280,100,グラム,1,1
パン粉　半生　,54.3,5.8,12.5,0,0,3.5,319,100,グラム,1,1
パン粉　乾燥　,63.4,6.8,14.6,0,0,4,373,100,グラム,1,1
冷めん　生　,57.6,0.7,3.9,0,0,1.1,252,100,グラム,1,1
玄米,74.3,2.7,6.8,0,0,3,353,100,グラム,1,1
半つき米,75.9,1.8,6.5,0,0,1.4,356,100,グラム,1,1
七分つき米　　,76.6,1.5,6.3,0,0,0.9,359,100,グラム,1,1
うるち米,77.6,0.9,6.1,0,0,0.5,358,100,グラム,1,1
もち米,77.2,1.2,6.4,0,0,-0.5,359,100,グラム,1,1
インディカ米,79.1,0.8,7.5,0,0,0.4,369,100,グラム,1,1
精白米,75.8,2,6.5,0,0,1.3,357,100,グラム,1,1
発芽玄米,74.3,3.3,6.5,0,0,3.1,356,100,グラム,1,1
アルファ白米,84.8,1,6,0,0,1.2,388,100,グラム,1,1
おにぎり,39.4,0.3,2.7,0,0,0.4,179,100,グラム,1,1
焼きおにぎり,39.5,0.3,3.1,0,0,0.4,181,100,グラム,1,1
きりたんぽ,46.2,0.4,3.2,0,0,0.4,210,100,グラム,1,1
上新粉,78.5,0.9,6.2,0,0,0.6,362,100,グラム,1,1
玄米粉,84.1,2.9,7.1,0,0,3.5,395,100,グラム,1,1
米粉,81.9,0.7,6,0,0,0.6,374,100,グラム,1,1
米粉パン,51.3,3.1,3.4,0,0,0.9,255,100,グラム,1,1
米粉麺,58.4,0.7,3.6,0,0,0.9,265,100,グラム,1,1
ビーフン,79.9,1.6,7,0,0,0.9,377,100,グラム,1,1
米こうじ,59.2,1.7,5.8,0,0,1.4,286,100,グラム,1,1
もち,50.8,0.6,4,0,0,0.5,234,100,グラム,1,1
赤飯,41.9,0.6,4.3,0,0,1.6,190,100,グラム,1,1
あくまき,25.7,1.8,2.3,0,0,0.2,132,100,グラム,1,1
白玉粉,80,1,6.3,0,0,0.5,369,100,グラム,1,1
道明寺粉,80.4,0.7,7.1,0,0,0.7,372,100,グラム,1,1
米ぬか,48.8,19.6,13.4,0,0,20.5,412,100,グラム,1,1
そば粉(全層粉),69.6,3.1,12,0,0,4.3,361,100,グラム,1,1
そば粉(内層粉)　　,77.6,1.6,6,0,0,1.8,359,100,グラム,1,1
そば粉(中層粉)　　,71.6,2.7,10.2,0,0,4.4,360,100,グラム,1,1
そば粉(表層粉)　,65.1,3.6,15,0,0,7.1,358,100,グラム,1,1
そば米,73.7,2.5,9.6,0,0,3.7,364,100,グラム,1,1
そば(生),54.5,1.9,9.8,0,0,2.7,274,100,グラム,1,1
そば(茹で),26,1,4.8,0,0,2,132,100,グラム,1,1
干しそば(乾燥),66.7,2.3,14,0,0,3.7,344,100,グラム,1,1
干しそば(茹で),22.1,0.7,4.8,0,0,1.5,114,100,グラム,1,1
とうもろこし,70.6,5,8.6,0,0,9,350,100,グラム,1,1
コーンミール,72.4,4,8.3,0,0,8,363,100,グラム,1,1
コーングリッツ,76.4,1,8.2,0,0,2.4,355,100,グラム,1,1
コーンフラワー,76.1,2.8,6.6,0,0,1.7,363,100,グラム,1,1
ジャイアントコーン(フライ味付け),76.6,11.8,5.7,0,0,10.5,435,100,グラム,1,1
ポップコーン,59.6,22.8,10.2,0,0,9.3,484,100,グラム,1,1
コーンフレーク,83.6,1.7,7.8,0,0,2.4,381,100,グラム,1,1
はとむぎ,72.2,1.3,13.3,0,0,0.6,360,100,グラム,1,1
ひえ,73.2,3.3,9.4,0,0,4.3,366,100,グラム,1,1
もろこし玄米,71.1,4.7,10.3,0,0,9.7,352,100,グラム,1,1
もろこし,74.1,2.6,9.5,0,0,4.4,364,100,グラム,1,1
ライむぎ　全粒粉　　　,70.7,2.7,12.7,0,0,13.3,334,100,グラム,1,1
ライむぎ　ライ麦粉　　　,75.8,1.6,8.5,0,0,12.9,351,100,グラム,1,1
雑穀混合品　五穀　,70.2,2.8,12.6,0,0,5.1,357,100,グラム,1,1
きくいも(生),14.7,0.4,1.9,0,0,1.9,35,100,グラム,1,1
きくいも水煮,11.3,0.5,1.6,0,0,2.1,28,100,グラム,1,1
こんにゃく精粉,85.3,0.1,3,0,0,79.9,177,100,グラム,1,1
精粉こんにゃく,2.3,Tr,0.1,0,0,2.2,5,100,グラム,1,1
生いもこんにゃく,3.3,0.1,0.1,0,0,3,7,100,グラム,1,1
赤こんにゃく,2.5,Tr,0.1,0,0,2.3,5,100,グラム,1,1
凍みこんにゃく(乾燥),77.1,1.4,3.3,0,0,71.3,167,100,グラム,1,1
凍みこんにゃく(茹で),16.8,0.3,0.7,0,0,15.5,36,100,グラム,1,1
しらたき,3,Tr,0.2,0,0,2.9,6,100,グラム,1,1
さつまいも(生),31.9,0.2,1.2,0,0,2.2,134,100,グラム,1,1
さつまいも(蒸し),31.9,0.2,1.2,0,0,2.3,134,100,グラム,1,1
さつまいも(焼き),39,0.2,1.4,0,0,3.5,163,100,グラム,1,1
さといも(生),13.1,0.1,1.5,0,0,2.3,58,100,グラム,1,1
さといも(水煮),13.4,0.1,1.5,0,0,2.4,59,100,グラム,1,1
さといも(冷凍),16.1,0.1,2.2,0,0,2,72,100,グラム,1,1
セレベス(生),19.8,0.3,2.2,0,0,2.3,89,100,グラム,1,1
セレベス(生)(水煮),19.1,0.3,2.1,0,0,2.2,85,100,グラム,1,1
たけのこいも(生),23.5,0.4,1.7,0,0,2.8,103,100,グラム,1,1
たけのこいも(水煮),21.8,0.4,1.6,0,0,2.4,96,100,グラム,1,1
みずいも(生),27.6,0.4,0.7,0,0,2.2,117,100,グラム,1,1
みずいも(水煮),26.1,0.4,0.7,0,0,2.5,110,100,グラム,1,1
やつがしら(生),20.5,0.7,3,0,0,2.8,97,100,グラム,1,1
やつがしら(水煮),20,0.6,2.7,0,0,2.8,93,100,グラム,1,1
じゃがいも(生),17.6,0.1,1.6,0,0,1.3,76,100,グラム,1,1
じゃがいも(蒸し),19.7,0.1,1.5,0,0,1.8,84,100,グラム,1,1
じゃがいも(水煮),16.8,0.1,1.5,0,0,1.6,73,100,グラム,1,1
フライドポテト,32.4,10.6,2.9,0,0,3.1,237,100,グラム,1,1
乾燥マッシュポテト,82.8,0.6,6.6,0,0,6.6,357,100,グラム,1,1
ヤーコン(生),12.4,0.3,0.6,0,0,1.1,54,100,グラム,1,1
ヤーコン(水煮),9.9,0.3,0.6,0,0,1.2,44,100,グラム,1,1
いちょういも(生),22.6,0.5,4.5,0,0,1.4,108,100,グラム,1,1
ながいも(生),13.9,0.3,2.2,0,0,1,65,100,グラム,1,1
ながいも(水煮),12.6,0.3,2,0,0,1.4,59,100,グラム,1,1
やまといも(生),27.1,0.2,4.5,0,0,2.5,123,100,グラム,1,1
じねんじょ(生),26.7,0.7,2.8,0,0,2,121,100,グラム,1,1
だいじょ(生),25,0.1,2.6,0,0,2.2,109,100,グラム,1,1
キャッサバでん粉,85.3,0.2,0.1,0,0,0,346,100,グラム,1,1
くずでん粉,85.6,0.2,0.2,0,0,0,347,100,グラム,1,1
米でん粉,89.3,0.7,0.2,0,0,0,366,100,グラム,1,1
小麦でん粉,86,0.5,0.2,0,0,0,351,100,グラム,1,1
サゴでん粉,86.1,0.2,0.1,0,0,0,349,100,グラム,1,1
さつまいもでん粉,82,0.2,0.1,0,0,0,332,100,グラム,1,1
じゃがいもでん粉,81.6,0.1,0.1,0,0,0,330,100,グラム,1,1
とうもろこしでん粉,86.3,0.7,0.1,0,0,0,354,100,グラム,1,1
くずきりでん粉,87.7,0.2,0.2,0,0,0.9,356,100,グラム,1,1
くずきり,33.3,0.1,0.1,0,0,0.8,135,100,グラム,1,1
ごま豆腐,9.1,4.3,1.5,0,0,1,81,100,グラム,1,1
タピオカパール(乾燥),87.8,0.2,0,0,0,0.5,355,100,グラム,1,1
タピオカパール(茹で),15.4,Tr,0,0,0,0.2,62,100,グラム,1,1
でん粉麺(生),32.2,0.2,0.1,0,0,0.8,131,100,グラム,1,1
でん粉麺(茹で),86.7,0.3,0.2,0,0,1.8,353,100,グラム,1,1
乾燥でん粉麺(茹で),20.6,0.2,0,0,0,0.6,84,100,グラム,1,1
緑豆はるさめ(乾燥),87.5,0.4,0.2,0,0,4.1,356,100,グラム,1,1
緑豆はるさめ(茹で),20.6,0.1,Tr,0,0,1.5,84,100,グラム,1,1
はるさめ(乾燥),86.6,0.2,0,0,0,1.2,350,100,グラム,1,1
はるさめ(茹で),19.9,Tr,0,0,0,0.8,80,100,グラム,1,1
黒砂糖,89.7,Tr,1.7,0,0,0,354,15,グラム,1,1
和三盆,98.8,Tr,0.2,0,0,0,383,15,グラム,1,1
上白糖,99.2,0,0,0,0,0,384,15,グラム,1,1
三温糖,98.7,0,Tr,0,0,0,382,15,グラム,1,1
グラニュー糖,100,0,0,0,0,0,387,15,グラム,1,1
白ざら糖,100,0,0,0,0,0,387,15,グラム,1,1
中ざら糖,100,0,0,0,0,0,387,15,グラム,1,1
角砂糖,100,0,0,0,0,0,387,15,グラム,1,1
氷砂糖,100,0,0,0,0,0,387,15,グラム,1,1
コーヒーシュガー,99.9,0,0.1,0,0,0,387,15,グラム,1,1
粉砂糖,99.7,0,0,0,0,0,386,15,グラム,1,1
しょとう型液糖,70,0,0,0,0,0,271,15,グラム,1,1
転化型液糖,79.3,0,0,0,0,0,307,15,グラム,1,1
氷糖みつ,68.2,0,0.2,0,0,0,265,15,グラム,1,1
粉あめ,97,0,0,0,0,0,381,15,グラム,1,1
水あめ,85,0,0,0,0,0,328,15,グラム,1,1
ぶどう糖,91,0,0,0,0,0,335,15,グラム,1,1
果糖,99.9,0,0,0,0,0,368,15,グラム,1,1
黒蜜,50.5,0,1,0,0,0,199,15,グラム,1,1
はちみつ,79.7,0,0.2,0,0,0,294,15,グラム,1,1
メープルシロップ,66.3,0,0.1,0,0,0,257,15,グラム,1,1
アーモンド,20.9,51.8,19.6,0,0,10.1,587,15,グラム,1,1
アーモンド(フライ味付け),22.3,53.6,19.2,0,0,11.9,606,15,グラム,1,1
煎りアーモンド,20.7,54.1,20.3,0,0,11,608,15,グラム,1,1
乾燥あさ,31.3,27.9,29.5,0,0,22.7,463,15,グラム,1,1
あまに　いり　,30.5,43.5,21.9,0,0,24,564,15,グラム,1,1
えごま　乾　　　,29.4,43.4,17.7,0,0,20.8,544,15,グラム,1,1
カシューナッツ　フライ　味付け　　　,26.7,47.6,19.8,0,0,6.7,576,15,グラム,1,1
かぼちゃ　いり　味付け　　　,12,51.8,26.5,0,0,7.3,574,15,グラム,1,1
かや　いり　　　,22.6,64.9,8.7,0,0,18.2,665,15,グラム,1,1
ぎんなん　生　　　,34.8,1.6,4.7,0,0,1.6,171,15,グラム,1,1
ぎんなん　ゆで　　　,35.8,1.5,4.6,0,0,2.4,174,15,グラム,1,1
日本ぐり　生　　,36.9,0.5,2.8,0,0,4.2,164,15,グラム,1,1
日本ぐり　ゆで　　,36.7,0.6,3.5,0,0,6.6,167,15,グラム,1,1
日本ぐり　甘露煮　　,56.8,0.4,1.8,0,0,2.8,238,15,グラム,1,1
中国ぐり　甘ぐり　　,48.5,0.9,4.9,0,0,8.5,222,15,グラム,1,1
くるみ　いり　　　,11.7,68.8,14.6,0,0,7.5,674,15,グラム,1,1
けし　乾　　　,21.8,49.1,19.3,0,0,16.5,567,15,グラム,1,1
ココナッツパウダー,23.7,65.8,6.1,0,0,14.1,668,15,グラム,1,1
ごま　乾　　　,18.4,51.9,19.8,0,0,10.8,578,15,グラム,1,1
ごま　いり　　　,18.5,54.2,20.3,0,0,12.6,599,15,グラム,1,1
ごま　むき　　　,18.8,54.9,19.3,0,0,13,603,15,グラム,1,1
ごま　ねり　　　,18.7,54.7,20.5,0,0,12.7,605,15,グラム,1,1
しい　生　　　,57.6,0.8,3.2,0,0,3.3,252,100,グラム,1,1
すいか　いり　味付け　　　,13.4,46.4,29.6,0,0,7.1,546,100,グラム,1,1
とち　蒸し　　　,34.2,1.9,1.7,0,0,6.6,161,100,グラム,1,1
はす　未熟　生　　　,14.9,0.5,5.9,0,0,2.6,85,100,グラム,1,1
はす　成熟　乾　　　,64.3,2.3,18.3,0,0,10.3,344,100,グラム,1,1
はす　成熟　ゆで　　　,25,0.8,7.3,0,0,5,133,100,グラム,1,1
ひし　生　　　,40.6,0.5,5.8,0,0,2.9,190,100,グラム,1,1
ピスタチオ　いり　味付け　　　,20.9,56.1,17.4,0,0,9.2,615,100,グラム,1,1
ひまわり　フライ　味付け　　　,17.2,56.3,20.1,0,0,6.9,611,100,グラム,1,1
ブラジルナッツ　フライ　味付け　　　,9.6,69.1,14.9,0,0,7.2,669,100,グラム,1,1
ヘーゼルナッツ　フライ　味付け　　　,13.9,69.3,13.6,0,0,7.4,684,100,グラム,1,1
ペカン　フライ　味付け　　　,13.3,73.4,9.6,0,0,7.1,702,100,グラム,1,1
マカダミアナッツ　いり　味付け　　　,12.2,76.7,8.3,0,0,6.2,720,100,グラム,1,1
まつ　生　　　,10.6,68.2,15.8,0,0,4.1,669,100,グラム,1,1
まつ　いり　　　,8.1,72.5,14.6,0,0,6.9,690,100,グラム,1,1
らっかせい　乾　大粒種　　,18.8,47.5,25.4,0,0,7.4,562,100,グラム,1,1
らっかせい　乾　小粒種　　,18.8,47.5,25.4,0,0,7.4,562,100,グラム,1,1
らっかせい　いり　大粒種　　,19.6,49.4,26.5,0,0,7.2,585,100,グラム,1,1
らっかせい　いり　小粒種　　,19.6,49.4,26.5,0,0,7.2,585,100,グラム,1,1
バターピーナッツ,18.2,51.3,25.5,0,0,6.9,592,100,グラム,1,1
ピーナッツバター,20.5,50.7,25.4,0,0,6.1,640,100,グラム,1,1
アーティチョーク　花らい　生　　　,11.3,0.2,2.3,0,0,8.7,48,100,グラム,1,1
アーティチョーク　花らい　ゆで　　　,10.8,0.1,2.1,0,0,8.6,45,100,グラム,1,1
あさつき　葉　生　　　,5.6,0.3,4.2,0,0,3.3,33,100,グラム,1,1
あさつき　葉　ゆで　　　,7.3,0.3,4.2,0,0,3.4,39,100,グラム,1,1
あしたば　茎葉　生　　　,6.7,0.1,3.3,0,0,5.6,33,100,グラム,1,1
あしたば　茎葉　ゆで　　　,6.6,0.1,2.9,0,0,5.3,31,100,グラム,1,1
アスパラガス　若茎　生　　　,3.9,0.2,2.6,0,0,1.8,22,100,グラム,1,1
アスパラガス　若茎　ゆで　　　,4.6,0.1,2.6,0,0,2.1,24,100,グラム,1,1
アスパラガス　若茎　油いため　　　,4.1,3.9,2.9,0,0,2.1,57,100,グラム,1,1
アスパラガス　水煮缶詰　　　,4.3,0.1,2.4,0,0,1.7,22,100,グラム,1,1
アロエ　葉　生　　　,0.7,0.1,0,0,0,0.4,3,100,グラム,1,1
いんげんまめ　さやいんげん　若ざや　生　　,5.1,0.1,1.8,0,0,2.4,23,100,グラム,1,1
いんげんまめ　さやいんげん　若ざや　ゆで　　,5.5,0.2,1.8,0,0,2.6,26,100,グラム,1,1
うど　茎　生　　,4.3,0.1,0.8,0,0,1.4,18,100,グラム,1,1
うど　茎　水さらし　　,3.4,0,0.6,0,0,1.6,14,100,グラム,1,1
やまうど　茎　生　　,4.3,0.1,1.1,0,0,1.8,19,100,グラム,1,1
えだまめ　生　　　,8.8,6.2,11.7,0,0,5,135,100,グラム,1,1
えだまめ　ゆで　　　,8.9,6.1,11.5,0,0,4.6,134,100,グラム,1,1
えだまめ　冷凍　　　,10.6,7.6,13,0,0,7.3,159,100,グラム,1,1
エンダイブ　葉　生　　　,2.9,0.2,1.2,0,0,2.2,15,100,グラム,1,1
トウミョウ　茎葉　生　　,4,0.4,3.8,0,0,3.3,27,100,グラム,1,1
トウミョウ　芽ばえ　生　　,3.2,0.4,3.8,0,0,2.2,24,100,グラム,1,1
トウミョウ　芽ばえ　ゆで　　,3.8,0.6,3.6,0,0,3.5,27,100,グラム,1,1
トウミョウ　芽ばえ　油いため　　,4.3,5.9,5,0,0,3,82,100,グラム,1,1
おおさかしろな　葉　生　　　,2.2,0.2,1.4,0,0,1.8,13,100,グラム,1,1
おおさかしろな　葉　ゆで　　　,3.1,0.3,1.6,0,0,2.2,17,100,グラム,1,1
おおさかしろな　塩漬　　　,4.5,0.3,1.3,0,0,3.1,22,100,グラム,1,1
おかひじき　茎葉　生　　　,3.4,0.2,1.4,0,0,2.5,17,100,グラム,1,1
おかひじき　茎葉　ゆで　　　,3.8,0.1,1.2,0,0,2.7,17,100,グラム,1,1
オクラ　生　　　,6.6,0.2,2.1,0,0,5,30,100,グラム,1,1
オクラ　ゆで　　　,7.6,0.1,2.1,0,0,5.2,33,100,グラム,1,1
かぶ　葉　生　　　,3.9,0.1,2.3,0,0,2.9,20,100,グラム,1,1
かぶ　葉　ゆで　　　,4.4,0.1,2.3,0,0,3.7,22,100,グラム,1,1
かぶ　根　皮つき　生　　　,4.6,0.1,0.7,0,0,1.5,20,100,グラム,1,1
かぶ　根　皮つき　ゆで　　　,4.7,0.1,0.7,0,0,1.8,21,100,グラム,1,1
かぶ漬物　,6,0.2,2.3,0,0,3.6,29,100,グラム,1,1
かぶ　漬物　皮むき　,4.7,0.1,0.8,0,0,2,21,100,グラム,1,1
かぶ　ぬかみそ漬　葉　,7.1,0.1,3.3,0,0,4,34,100,グラム,1,1
かぶ　漬物　ぬかみそ漬　根　皮つき　,5.9,0.1,1.5,0,0,2,28,100,グラム,1,1
日本かぼちゃ　生　　,10.9,0.1,1.6,0,0,2.8,49,100,グラム,1,1
日本かぼちゃ　ゆで　　,13.3,0.1,1.9,0,0,3.6,60,100,グラム,1,1
西洋かぼちゃ　生　　,20.6,0.3,1.9,0,0,3.5,91,100,グラム,1,1
西洋かぼちゃ　ゆで　　,21.3,0.3,1.6,0,0,4.1,93,100,グラム,1,1
西洋かぼちゃ　焼き　　,27.7,0.4,2.5,0,0,5.3,122,100,グラム,1,1
西洋かぼちゃ　冷凍　　,18.5,0.3,2.2,0,0,4.2,83,100,グラム,1,1
そうめんかぼちゃ　　,6.1,0.1,0.7,0,0,1.5,24,100,グラム,1,1
からしな　葉　生　　　,4.7,0.1,3.3,0,0,3.7,26,100,グラム,1,1
からしな　塩漬　　 　,7.2,0.1,4,0,0,5,36,100,グラム,1,1
カリフラワー　花序　生　　　,5.2,0.1,3,0,0,2.9,27,100,グラム,1,1
カリフラワー　花序　ゆで　　　,5.1,0.1,2.7,0,0,3.2,26,100,グラム,1,1
かんぴょう　乾　　　,68.1,0.2,6.3,0,0,30.1,260,100,グラム,1,1
かんぴょう　ゆで　　　,7.2,0,0.7,0,0,5.3,28,100,グラム,1,1
きく　花びら　生　　　,6.5,0,1.4,0,0,3.4,27,100,グラム,1,1
きく　花びら　ゆで　　　,5.7,0,1,0,0,2.9,23,100,グラム,1,1
きく　菊のり　　　,73.5,0.2,11.6,0,0,29.6,292,100,グラム,1,1
キャベツ　生　　,5.2,0.2,1.3,0,0,1.8,23,100,グラム,1,1
キャベツ　ゆで　　,4.6,0.2,0.9,0,0,2,20,100,グラム,1,1
キャベツ　油いため　　,5.9,6,1.6,0,0,2.2,81,100,グラム,1,1
グリーンボール　生　　,4.3,0.1,1.4,0,0,1.6,20,100,グラム,1,1
レッドキャベツ　生　　,6.7,0.1,2,0,0,2.8,30,100,グラム,1,1
きゅうり　生　　　,3,0.1,1,0,0,1.1,14,100,グラム,1,1
きゅうり　塩漬　　,3.7,0.1,1,0,0,1.3,16,100,グラム,1,1
きゅうり　しょうゆ漬　　,10.8,0.4,3.2,0,0,3.4,50,100,グラム,1,1
きゅうり　ぬかみそ漬　　,6.2,0.1,1.5,0,0,1.5,27,100,グラム,1,1
ピクルス(スイート),18.3,0.1,0.3,0,0,1.7,67,100,グラム,1,1
ピクルス((サワー),2.5,Tr,1.4,0,0,1.4,12,100,グラム,1,1
ぎょうじゃにんにく　　,6.6,0.2,3.5,0,0,3.3,34,100,グラム,1,1
キンサイ　生　　　,3.5,0.4,1.1,0,0,2.5,19,100,グラム,1,1
キンサイ　ゆで　　　,3.5,0.4,1.1,0,0,2.9,19,100,グラム,1,1
クレソン　生　　　,2.5,0.1,2.1,0,0,2.5,15,100,グラム,1,1
くわい　生　　　,26.6,0.1,6.3,0,0,2.4,126,100,グラム,1,1
くわい　ゆで　　　,27.2,0.1,6.2,0,0,2.8,128,100,グラム,1,1
ケール　生　　　,5.6,0.4,2.1,0,0,3.7,28,100,グラム,1,1
コールラビ　生　　　,5.1,0,1,0,0,1.9,21,100,グラム,1,1
コールラビ　ゆで　　　,5.2,Tr,1,0,0,2.3,21,100,グラム,1,1
こごみ,5.3,0.2,3,0,0,5.2,28,100,グラム,1,1
ごぼう　生　　　,15.4,0.1,1.8,0,0,5.7,65,100,グラム,1,1
ごぼう　ゆで　　　,13.7,0.2,1.5,0,0,6.1,58,100,グラム,1,1
こまつな　生　　　,2.4,0.2,1.5,0,0,1.9,14,100,グラム,1,1
こまつな　ゆで　　　,3,0.1,1.6,0,0,2.4,15,100,グラム,1,1
ザーサイ ,4.6,0.1,2.5,0,0,4.6,23,100,グラム,1,1
さんとうさい　生　　　,2.7,0.2,1,0,0,2.2,14,100,グラム,1,1
さんとうさい　茹で,2.9,0.3,1.4,0,0,2.5,16,100,グラム,1,1
さんとうさい　塩漬　　　,4,0.3,1.5,0,0,3,20,100,グラム,1,1
しかくまめ,3.8,0.1,2.4,0,0,3.2,20,100,グラム,1,1
ししとう　生　　　,5.7,0.3,1.9,0,0,3.6,27,100,グラム,1,1
ししとう　油いため　　　,5.8,3.2,1.9,0,0,3.6,55,100,グラム,1,1
しそ　生,7.5,0.1,3.9,0,0,7.3,37,100,グラム,1,1
しその実,8.9,0.1,3.4,0,0,8.9,41,100,グラム,1,1
じゅうろくささげ　生　　　,4.8,0.1,2.5,0,0,4.2,24,100,グラム,1,1
じゅうろくささげ　茹で,6.2,0.1,2.8,0,0,4.5,30,100,グラム,1,1
しゅんぎく　生　　　,3.9,0.3,2.3,0,0,3.2,22,100,グラム,1,1
しゅんぎく　茹で,4.5,0.5,2.7,0,0,3.7,27,100,グラム,1,1
じゅんさい　水煮びん詰め,1,0,0.4,0,0,1,5,100,グラム,1,1
葉しょうが　生,2.1,0.2,0.5,0,0,1.6,11,100,グラム,1,1
しょうが　生,6.6,0.3,0.9,0,0,2.1,30,100,グラム,1,1
しょうがの酢漬け,4,0.4,0.2,0,0,2.4,19,100,グラム,1,1
しょうがの甘漬け,12.5,0.3,0.2,0,0,2,51,100,グラム,1,1
しろうり,3.3,0.1,0.9,0,0,1.2,15,100,グラム,1,1
しろうりの塩漬け,3.7,0.1,1,0,0,2.2,16,100,グラム,1,1
しろうりの奈良漬け,40.8,0.1,4.5,0,0,2.4,157,100,グラム,1,1
ずいき,4.1,0,0.5,0,0,1.6,16,100,グラム,1,1
ずいき(茹で),3.1,0,0.4,0,0,2.1,12,100,グラム,1,1
干しずいき,63.5,0.4,6.6,0,0,25.8,246,100,グラム,1,1
干しずいき(茹で),3.4,0,0.5,0,0,3.1,13,100,グラム,1,1
すぐきな　葉,5.4,0.2,1.9,0,0,4,26,100,グラム,1,1
すぐきな　根,4.7,0.1,0.6,0,0,1.7,21,100,グラム,1,1
すぐき漬け,6.1,0.7,2.6,0,0,5.2,34,100,グラム,1,1
ずっきーに,2.8,0.1,1.3,0,0,1.3,14,100,グラム,1,1
せり　,3.3,0.1,2,0,0,2.5,17,100,グラム,1,1
セリ(茹で),3.4,0.1,2.1,0,0,2.8,18,100,グラム,1,1
セロリ,3.6,0.1,0.4,0,0,1.5,15,100,グラム,1,1
ぜんまい,6.6,0.1,1.7,0,0,3.8,29,100,グラム,1,1
ぜんまい(茹で),4.1,0.4,1.1,0,0,3.5,21,100,グラム,1,1
干しぜんまい,70.8,0.6,14.6,0,0,34.8,293,100,グラム,1,1
干しぜんまい(茹で),6.8,0.1,1.7,0,0,5.2,29,100,グラム,1,1
タアサイ　　　,2.2,0.2,1.3,0,0,1.9,13,100,グラム,1,1
タアサイ(茹で),2.3,0.2,1.1,0,0,2.1,13,100,グラム,1,1
カイワレ大根,3.3,0.5,2.1,0,0,1.9,21,100,グラム,1,1
葉だいこん,3.3,0.2,2,0,0,2.6,18,100,グラム,1,1
だいこんの葉,5.3,0.1,2.2,0,0,4,25,100,グラム,1,1
だいこんの葉(茹で),5.4,0.1,2.2,0,0,3.6,25,100,グラム,1,1
だいこん,4.1,0.1,0.5,0,0,1.4,18,100,グラム,1,1
だいこん(茹で),4.5,Tr,0.4,0,0,1.6,18,100,グラム,1,1
切り干し大根(乾燥),69.7,0.8,9.7,0,0,21.3,301,100,グラム,1,1
切り干し大根(茹で),4.1,0.1,0.9,0,0,3.7,19,100,グラム,1,1
切り干し大根(油いため),7.6,6,1.5,0,0,5.6,88,100,グラム,1,1
だいこんのぬかみそ漬け,6.7,0.1,1.3,0,0,1.8,30,100,グラム,1,1
たくあん漬け(塩押し),15.2,0.3,1.2,0,0,3.5,64,100,グラム,1,1
たくあん,5.5,0.1,1.9,0,0,3.7,27,100,グラム,1,1
守口漬　　,44.3,0.2,5.3,0,0,3.3,187,100,グラム,1,1
べったら漬け,14,0.1,0.9,0,0,1.8,57,100,グラム,1,1
だいこんのみそ漬け,16.3,0.3,4.5,0,0,3.3,78,100,グラム,1,1
福神漬け,33.3,0.1,2.7,0,0,3.9,136,100,グラム,1,1
すまみな,3.6,0.3,1.9,0,0,2.3,20,100,グラム,1,1
たいさい,3.5,0.1,0.9,0,0,1.6,16,100,グラム,1,1
たいさい　塩漬け,4.3,0.1,1.6,0,0,2.5,20,100,グラム,1,1
たかな,4.2,0.2,1.8,0,0,2.5,21,100,グラム,1,1
たかな漬け,7,0.2,2.8,0,0,5.2,33,100,グラム,1,1
たけのこ,4.3,0.2,3.6,0,0,2.8,26,100,グラム,1,1
たけのこ(茹で),5.5,0.2,3.5,0,0,3.3,30,100,グラム,1,1
たけのこ（水煮缶）,4,0.2,2.7,0,0,2.3,23,100,グラム,1,1
めんま,3.6,0.5,1,0,0,3.5,19,100,グラム,1,1
たまねぎ,8.8,0.1,1,0,0,1.6,37,100,グラム,1,1
たまねぎ（水さらし）,6.1,0.1,0.6,0,0,1.5,26,100,グラム,1,1
たまねぎ（茹で）,7.3,0.1,0.8,0,0,1.7,31,100,グラム,1,1
玉ねぎ（油いため）,12,5.9,1.4,0,0,2.7,105,100,グラム,1,1
赤玉ねぎ,9,0.1,0.9,0,0,1.7,38,100,グラム,1,1
葉玉ねぎ,7.6,0.4,1.8,0,0,3,37,100,グラム,1,1
たらのめ,4.3,0.2,4.2,0,0,4.2,27,100,グラム,1,1
たらのめ（茹で）,4.1,0.2,4,0,0,3.6,26,100,グラム,1,1
チコリ,3.9,Tr,1,0,0,1.1,16,100,グラム,1,1
チンゲンサイ,2,0.1,0.6,0,0,1.2,9,100,グラム,1,1
チンゲンサイ（茹で）,2.4,0.1,0.9,0,0,1.5,12,100,グラム,1,1
チンゲンサイ（油いため）,2.2,3.2,0.8,0,0,1.4,39,100,グラム,1,1
つくし,8.1,0.1,3.5,0,0,8.1,38,100,グラム,1,1
つくし（茹で）,6.7,0.1,3.4,0,0,6.7,33,100,グラム,1,1
つるな,2.8,0.1,1.8,0,0,2.3,15,100,グラム,1,1
つるむらさき,2.6,0.2,0.7,0,0,2.2,13,100,グラム,1,1
つるむらさき（茹で）,3.2,0.2,0.9,0,0,3.1,15,100,グラム,1,1
つわぶき,5.6,0,0.4,0,0,2.5,21,100,グラム,1,1
つわぶき（茹で）,4.4,0,0.3,0,0,2.3,16,100,グラム,1,1
とうがらし（生）,16.3,3.4,3.9,0,0,10.3,96,100,グラム,1,1
とうがらし（茹で）,58.4,12,14.7,0,0,46.4,345,100,グラム,1,1
とうがん,3.8,0.1,0.5,0,0,1.3,16,100,グラム,1,1
とうがん（茹で）,3.7,0.1,0.6,0,0,1.5,16,100,グラム,1,1
スイートコーン,16.8,1.7,3.6,0,0,3,92,100,グラム,1,1
スイートコーン（茹で）,18.6,1.7,3.5,0,0,3.1,99,100,グラム,1,1
ヤングコーン,6,0.2,2.3,0,0,2.7,29,100,グラム,1,1
トマト,4.7,0.1,0.7,0,0,1,19,100,グラム,1,1
ミニトマト,7.2,0.1,1.1,0,0,1.4,29,100,グラム,1,1
ホールトマト,4.4,0.2,0.9,0,0,1.3,20,100,グラム,1,1
トマトジュース(食塩添加),4,0.1,0.7,0,0,0.7,17,100,グラム,1,1
トマトジュース(無添加),4,0.1,0.7,0,0,0.7,17,100,グラム,1,1
ミックスジュース(食塩添加),4.3,0,0.6,0,0,0.7,17,100,グラム,1,1
ミックスジュース(無添加),4.3,0,0.6,0,0,0.7,17,100,グラム,1,1
トレビス,3.9,0.2,1.1,0,0,2,18,100,グラム,1,1
とんぶり(茹で),12.9,3.5,6.1,0,0,7.1,90,100,グラム,1,1
ながさきはくさい,2.6,0.1,1.3,0,0,2.2,13,100,グラム,1,1
ながさきはくさい　ゆで　　　,3.4,0.1,2.2,0,0,2.4,18,100,グラム,1,1
なす,5.1,0.1,1.1,0,0,2.2,22,100,グラム,1,1
ナス(茹で),4.5,0.1,1,0,0,2.1,19,100,グラム,1,1
なす(油いため),6.3,5.8,1.5,0,0,2.6,79,100,グラム,1,1
なす　塩漬け,5.2,0.1,1.4,0,0,2.7,23,100,グラム,1,1
なす　ぬかみそ漬け,6.1,0.1,1.7,0,0,2.7,27,100,グラム,1,1
なす　こうじ漬け,18.2,0.1,5.5,0,0,4.2,79,100,グラム,1,1
なす　からし漬け,30.7,0.2,2.6,0,0,4.2,118,100,グラム,1,1
なす　しば漬け,7,0.2,1.4,0,0,4.4,30,100,グラム,1,1
なずな,7,0.1,4.3,0,0,5.4,36,100,グラム,1,1
なばな　花らい,5.8,0.2,4.4,0,0,4.2,33,100,グラム,1,1
なばな,6,0.4,4.1,0,0,3.7,35,100,グラム,1,1
にがうり,3.9,0.1,1,0,0,2.6,17,100,グラム,1,1
にがうり　油いため　　　,4.6,3.3,1.2,0,0,2.8,50,100,グラム,1,1
にら,4,0.3,1.7,0,0,2.7,21,100,グラム,1,1
にら(茹で),5.7,0.5,2.6,0,0,4.3,31,100,グラム,1,1
にら(油いため),4.9,5.7,1.9,0,0,3.5,74,100,グラム,1,1
花にら,5.9,0.2,1.9,0,0,2.8,27,100,グラム,1,1
黄にら,3.3,0.1,2.1,0,0,2,18,100,グラム,1,1
葉にんじん,3.7,0.2,1.1,0,0,2.7,18,100,グラム,1,1
にんじん　皮つき　生　　,9.3,0.2,0.7,0,0,2.8,39,100,グラム,1,1
にんじん　皮つき　ゆで　　,8.4,0.2,0.6,0,0,3,36,100,グラム,1,1
にんじん　油いため,12.4,6.4,1.1,0,0,3.1,109,100,グラム,1,1
にんじん　素揚げ,13.9,3.5,1,0,0,1.1,89,100,グラム,1,1
にんじん　グラッセ,12.7,1.4,0.7,0,0,2.6,66,100,グラム,1,1
ニンジンジュース,6.7,0.1,0.6,0,0,0.2,28,100,グラム,1,1
きんとき,9.6,0.2,1.8,0,0,3.9,44,100,グラム,1,1
ミニキャロット,7.5,0.2,0.7,0,0,2.7,32,100,グラム,1,1
にんにく,27.5,0.9,6.4,0,0,6.2,136,100,グラム,1,1
にんにく　油いため,30.6,5.9,8.2,0,0,6.8,199,100,グラム,1,1
茎にんにく,10.6,0.3,1.9,0,0,3.8,45,100,グラム,1,1
茎にんにく　茹で,10.7,0.2,1.7,0,0,3.8,44,100,グラム,1,1
（ねぎ類）　根深ねぎ　葉　軟白　生　　,8.3,0.1,1.4,0,0,2.5,34,100,グラム,1,1
（ねぎ類）　根深ねぎ　葉　軟白　ゆで　　,6.8,0.1,1.3,0,0,2.5,28,100,グラム,1,1
（ねぎ類）　根深ねぎ　葉　軟白　油いため　　,9.5,4.4,1.6,0,0,2.7,78,100,グラム,1,1
（ねぎ類）　葉ねぎ　葉　生　　,6.5,0.3,1.9,0,0,3.2,30,100,グラム,1,1
（ねぎ類）　葉ねぎ　葉　油いため　　,7.9,5.2,2.1,0,0,3.9,81,100,グラム,1,1
（ねぎ類）　こねぎ　葉　生　　,5.4,0.3,2,0,0,2.5,27,100,グラム,1,1
のざわな　葉　生　　　,3.5,0.1,0.9,0,0,2,16,100,グラム,1,1
のざわな　漬物　塩漬　　,4.1,0.1,1.2,0,0,2.5,18,100,グラム,1,1
のざわな　漬物　調味漬　　,5.4,0,1.7,0,0,3.1,23,100,グラム,1,1
のびる　りん茎葉　生　　　,15.5,0.2,3.2,0,0,6.9,65,100,グラム,1,1
はくさい　結球葉　生　　　,3.2,0.1,0.8,0,0,1.3,14,100,グラム,1,1
はくさい　結球葉　ゆで　　　,2.9,0.1,0.9,0,0,1.4,13,100,グラム,1,1
はくさい　漬物　塩漬　　,3.4,0.1,1.4,0,0,1.8,16,100,グラム,1,1
はくさい　漬物　キムチ　　,7.9,0.3,2.8,0,0,2.7,46,100,グラム,1,1
パクチョイ　葉　生　　　,2.7,0.2,1.6,0,0,1.8,15,100,グラム,1,1
バジル　葉　生　　　,4,0.6,2,0,0,4,24,100,グラム,1,1
パセリ　葉　生　　　,7.8,0.7,4,0,0,6.8,43,100,グラム,1,1
はつかだいこん　根　生　　　,3.1,0.1,0.8,0,0,1.2,15,100,グラム,1,1
はやとうり　果実　白色種　生　　,4.9,0.1,0.6,0,0,1.2,20,100,グラム,1,1
はやとうり　果実　緑色種　生　　,4.9,0.1,0.6,0,0,1.2,20,100,グラム,1,1
はやとうり　果実　白色種　塩漬　,4.4,Tr,0.6,0,0,1.6,17,100,グラム,1,1
ビーツ　根　生　　　,9.3,0.1,1.6,0,0,2.7,41,100,グラム,1,1
ビーツ　根　ゆで　　　,10.2,0.1,1.5,0,0,2.9,44,100,グラム,1,1
（ピーマン類）　青ピーマン　果実　生　　,5.1,0.2,0.9,0,0,2.3,22,100,グラム,1,1
（ピーマン類）　青ピーマン　果実　油いため　　,5.4,4.3,0.9,0,0,2.4,61,100,グラム,1,1
（ピーマン類）　赤ピーマン　果実　生　　,7.2,0.2,1,0,0,1.6,30,100,グラム,1,1
（ピーマン類）　赤ピーマン　果実　油いため　　,7.6,4.3,1,0,0,1.6,69,100,グラム,1,1
（ピーマン類）　黄ピーマン　果実　生　　,6.6,0.2,0.8,0,0,1.3,27,100,グラム,1,1
（ピーマン類）　黄ピーマン　果実　油いため　　,6.9,4.3,0.8,0,0,1.3,66,100,グラム,1,1
（ピーマン類）　トマピー　果実　生　　,7.5,0.2,1,0,0,1.6,31,100,グラム,1,1
ひのな　根・茎葉　生　　　,4.7,Tr,1,0,0,3,19,100,グラム,1,1
ひのな　根・茎葉　甘酢漬　　　,17.3,0.5,1.4,0,0,4.7,69,100,グラム,1,1
ひろしまな　葉　生　　　,4.2,0.2,1.5,0,0,2.4,20,100,グラム,1,1
ひろしまな　塩漬　　　,3.3,0.2,1.2,0,0,2.4,16,100,グラム,1,1
（ふき類）　ふき　葉柄　生　　,3,0,0.3,0,0,1.3,11,100,グラム,1,1
（ふき類）　ふき　葉柄　ゆで　　,1.9,0,0.3,0,0,1.1,8,100,グラム,1,1
（ふき類）　ふきのとう　花序　生　　,10,0.1,2.5,0,0,6.4,43,100,グラム,1,1
（ふき類）　ふきのとう　花序　ゆで　　,7,0.1,2.5,0,0,4.2,32,100,グラム,1,1
ふじまめ　若ざや　生　　　,7.4,0.1,2.5,0,0,4.4,33,100,グラム,1,1
ふだんそう　葉　生　　　,3.7,0.1,2,0,0,3.3,19,100,グラム,1,1
ふだんそう　葉　ゆで　　　,5.4,0.1,2.8,0,0,3.8,27,100,グラム,1,1
ブロッコリー　花序　生　　　,5.2,0.5,4.3,0,0,4.4,33,100,グラム,1,1
ブロッコリー　花序　ゆで　　　,4.3,0.4,3.5,0,0,3.7,27,100,グラム,1,1
ブロッコリー　芽ばえ　生　　　,2.6,0.6,1.9,0,0,1.8,19,100,グラム,1,1
へちま　果実　生　　　,3.8,0.1,0.8,0,0,1,16,100,グラム,1,1
へちま　果実　ゆで　　　,3.7,0.1,1.6,0,0,1.5,18,100,グラム,1,1
ほうれんそう　葉　通年平均　生　　,3.1,0.4,2.2,0,0,2.8,20,100,グラム,1,1
ほうれんそう　葉　夏採り　生　　,3.1,0.4,2.2,0,0,2.8,20,100,グラム,1,1
ほうれんそう　葉　冬採り　生　　,3.1,0.4,2.2,0,0,2.8,20,100,グラム,1,1
ほうれんそう　葉　通年平均　ゆで　　,4,0.5,2.6,0,0,3.6,25,100,グラム,1,1
ほうれんそう　葉　夏採り　ゆで　　,4,0.5,2.6,0,0,3.6,25,100,グラム,1,1
ほうれんそう　葉　冬採り　ゆで　　,4,0.5,2.6,0,0,3.6,25,100,グラム,1,1
ほうれんそう　葉　通年平均　油いため　　,4.4,8.1,3.8,0,0,4.6,99,100,グラム,1,1
ほうれんそう　葉　冷凍　　　,3.1,0.2,3.3,0,0,3.1,21,100,グラム,1,1
ホースラディシュ　根茎　生　　　,17.7,0.3,3.1,0,0,8.2,79,100,グラム,1,1
まこも　茎　生　　　,4.4,0.2,1.3,0,0,2.3,21,100,グラム,1,1
みずかけな　葉　生　　　,4.7,0.1,2.9,0,0,2.8,25,100,グラム,1,1
みずかけな　塩漬　　　,5.7,Tr,4.9,0,0,4,32,100,グラム,1,1
みずな　葉　生　　　,4.8,0.1,2.2,0,0,3,23,100,グラム,1,1
みずな　葉　ゆで　　　,4.7,0.1,2,0,0,3.6,22,100,グラム,1,1
みずな　塩漬　　　,5.9,0.1,2,0,0,3.5,27,100,グラム,1,1
（みつば類）　切りみつば　葉　生　　,4,0.1,1,0,0,2.5,18,100,グラム,1,1
（みつば類）　切りみつば　葉　ゆで　　,3.3,0.1,0.9,0,0,2.7,15,100,グラム,1,1
（みつば類）　根みつば　葉　生　　,4.1,0.1,1.9,0,0,2.9,20,100,グラム,1,1
（みつば類）　根みつば　葉　ゆで　　,3.9,0.1,2.3,0,0,3.3,20,100,グラム,1,1
（みつば類）　糸みつば　葉　生　　,2.9,0.1,0.9,0,0,2.3,13,100,グラム,1,1
（みつば類）　糸みつば　葉　ゆで　　,4,0,1.1,0,0,3,17,100,グラム,1,1
みぶな　葉　生　　　,2.9,0.3,1.1,0,0,1.8,15,100,グラム,1,1
（みょうが類）　みょうが　花穂　生　　,2.6,0.1,0.9,0,0,2.1,12,100,グラム,1,1
（みょうが類）　みょうがたけ　茎葉　生　　,1.5,0.1,0.4,0,0,1.1,7,100,グラム,1,1
むかご 　肉芽　生　　　,20.6,0.2,2.9,0,0,4.2,93,100,グラム,1,1
めキャベツ　結球葉　生　　　,9.9,0.1,5.7,0,0,5.5,50,100,グラム,1,1
めキャベツ　結球葉　ゆで　　　,9.8,0.1,5.3,0,0,5.2,49,100,グラム,1,1
めたで　　芽ばえ　生　　　,8.8,0.5,3,0,0,6.3,43,100,グラム,1,1
（もやし類）　アルファルファもやし　生　　,2,0.1,1.6,0,0,1.4,12,100,グラム,1,1
（もやし類）　だいずもやし　生　　,2.3,1.5,3.7,0,0,2.3,37,100,グラム,1,1
（もやし類）　だいずもやし　ゆで　　,2.2,1.6,2.9,0,0,2.2,34,100,グラム,1,1
（もやし類）　ブラックマッペもやし　生　　,2.7,Tr,2,0,0,1.4,15,100,グラム,1,1
（もやし類）　ブラックマッペもやし　ゆで　　,2.7,Tr,1.3,0,0,1.6,13,100,グラム,1,1
（もやし類）　りょくとうもやし　生　　,2.6,0.1,1.7,0,0,1.3,14,100,グラム,1,1
（もやし類）　りょくとうもやし　ゆで　　,2.3,0,1.6,0,0,1.5,12,100,グラム,1,1
モロヘイヤ　茎葉　生　　　,6.3,0.5,4.8,0,0,5.9,38,100,グラム,1,1
モロヘイヤ　茎葉　ゆで　　　,4,0.4,3,0,0,3.5,25,100,グラム,1,1
やまごぼう　みそ漬　　　,15.6,0.1,4.1,0,0,7,72,100,グラム,1,1
ゆりね　りん茎　生　　　,28.3,0.1,3.8,0,0,5.4,125,100,グラム,1,1
ゆりね　りん茎　ゆで　　　,28.7,0.1,3.4,0,0,6,126,100,グラム,1,1
ようさい　茎葉　生　　　,3.1,0.1,2.2,0,0,3.1,17,100,グラム,1,1
ようさい　茎葉　ゆで　　　,4.1,0.1,2.2,0,0,3.4,21,100,グラム,1,1
よめな　葉　生　　　,10,0.2,3.4,0,0,7.8,46,100,グラム,1,1
よもぎ　葉　生　　　,8.7,0.3,5.2,0,0,7.8,46,100,グラム,1,1
よもぎ　葉　ゆで　　　,8.2,0.1,4.8,0,0,7.8,42,100,グラム,1,1
らっかせい　未熟豆　生　　　,12.4,24.2,12,0,0,4,295,100,グラム,1,1
らっかせい　未熟豆　ゆで　　　,12.3,23.5,11.9,0,0,4.2,288,100,グラム,1,1
（らっきょう類）　らっきょう　りん茎　生　　,29.3,0.2,1.4,0,0,20.7,118,100,グラム,1,1
（らっきょう類）　らっきょう　甘酢漬　　,29,0.2,0.7,0,0,3.3,115,100,グラム,1,1
（らっきょう類）　エシャレット　りん茎　生　　,17.8,0.2,2.3,0,0,11.4,76,100,グラム,1,1
リーキ　りん茎葉　生　　　,6.9,0.1,1.6,0,0,2.5,29,100,グラム,1,1
リーキ　りん茎葉　ゆで　　　,6.8,0.1,1.3,0,0,2.6,28,100,グラム,1,1
ルッコラ　　葉　生　　　,3.1,0.4,1.9,0,0,2.6,19,100,グラム,1,1
ルバーブ　葉柄　生　　　,6,0.1,0.7,0,0,2.5,24,100,グラム,1,1
ルバーブ　葉柄　ゆで　　　,4.6,0.1,0.5,0,0,2.9,18,100,グラム,1,1
（レタス類）　レタス　土耕栽培　結球葉　生　　,2.8,0.1,0.6,0,0,1.1,12,100,グラム,1,1
（レタス類）　レタス　水耕栽培　結球葉　生　　,2.9,0.2,0.8,0,0,1.1,14,100,グラム,1,1
（レタス類）　サラダな　葉　生　　,2.7,0.2,1,0,0,1.8,14,100,グラム,1,1
（レタス類）　リーフレタス　葉　生　　,3.3,0.1,1.4,0,0,1.9,16,100,グラム,1,1
（レタス類）　サニーレタス　葉　生　　,3.2,0.2,1.2,0,0,2,16,100,グラム,1,1
（レタス類）　サンチュ　葉　生　　,2.5,0.4,1.2,0,0,2,15,100,グラム,1,1
（レタス類）　コスレタス　葉　生　　,3.4,0.2,1.2,0,0,1.9,17,100,グラム,1,1
れんこん　根茎　生　　　,15.5,0.1,1.9,0,0,2,66,100,グラム,1,1
れんこん　根茎　ゆで　　　,16.1,0.1,1.3,0,0,2.3,66,100,グラム,1,1
わけぎ　葉　生　　　,7.4,0,1.6,0,0,2.8,30,100,グラム,1,1
わけぎ　葉　ゆで　　　,6.9,0,1.9,0,0,3.1,29,100,グラム,1,1
わさび　根茎　生　　　,18.4,0.2,5.6,0,0,4.4,88,100,グラム,1,1
わさび　わさび漬　　　,28,0.5,7.1,0,0,2.7,145,100,グラム,1,1
わらび　生わらび　生　　　,4,0.1,2.4,0,0,3.6,21,100,グラム,1,1
わらび　生わらび　ゆで　　　,3,0.1,1.5,0,0,3,15,100,グラム,1,1
わらび　干しわらび　乾　　　,61.4,0.7,20,0,0,58,274,100,グラム,1,1
乾燥あずき,58.7,2.2,20.3,0,0,17.8,339,100,グラム,1,1
乾燥あずき(茹で),24.2,1,8.9,0,0,11.8,143,100,グラム,1,1
あずき缶詰,49.2,0.4,4.4,0,0,3.4,218,100,グラム,1,1
こしあん,27.1,0.6,9.8,0,0,6.8,155,100,グラム,1,1
さらしあん,66.8,1,26.2,0,0,27.6,385,100,グラム,1,1
つぶしあん,54,0.6,5.6,0,0,5.7,244,100,グラム,1,1
乾燥インゲン豆,57.8,2.2,19.9,0,0,19.3,333,100,グラム,1,1
乾燥インゲン豆(茹で),24.8,1,8.5,0,0,13.3,143,100,グラム,1,1
うずら豆,49.6,1.3,6.7,0,0,5.9,237,100,グラム,1,1
こしあん(インゲン豆),27,0.9,9.4,0,0,8.5,155,100,グラム,1,1
豆きんとん,56.2,0.5,4.9,0,0,4.8,249,100,グラム,1,1
青えんどう,60.4,2.3,21.7,0,0,17.4,352,100,グラム,1,1
赤えんどう,60.4,2.3,21.7,0,0,17.4,352,100,グラム,1,1
青えんどう(茹で),25.2,1,9.2,0,0,7.7,148,100,グラム,1,1
赤えんどう(茹で),25.2,1,9.2,0,0,7.7,148,100,グラム,1,1
グリーンピース,58.8,11.6,20.8,0,0,19.6,423,100,グラム,1,1
塩えんどう豆,61.5,2.4,23.3,0,0,17.9,364,100,グラム,1,1
うぐいす豆,52.9,0.7,5.6,0,0,5.3,240,100,グラム,1,1
ささげ乾燥,55,2,23.9,0,0,18.4,336,100,グラム,1,1
ささげ乾燥(茹で),23.8,0.9,10.2,0,0,10.7,145,100,グラム,1,1
乾燥ソラマメ,55.9,2,26,0,0,9.3,348,100,グラム,1,1
フライビーンズ(ソラマメ),46.4,20.8,24.7,0,0,14.9,472,100,グラム,1,1
おたふく豆,52.2,1.2,7.9,0,0,5.9,251,100,グラム,1,1
ふき豆,52.5,1.6,9.6,0,0,4.5,263,100,グラム,1,1
しょうゆ豆,37.1,0.9,9.8,0,0,10.1,196,100,グラム,1,1
黄大豆(乾燥),29.5,19.7,33.8,0,0,17.9,422,100,グラム,1,1
黒大豆(乾燥),30.8,18.1,33.9,0,0,16,414,100,グラム,1,1
黄大豆(茹で),8.4,9.8,14.8,0,0,6.6,176,100,グラム,1,1
いり豆(黄大豆),33.3,21.6,37.5,0,0,19.4,439,100,グラム,1,1
いり豆(黒大豆),34.3,22,36.4,0,0,19.2,442,100,グラム,1,1
いり豆(青大豆）,33.9,20.7,37.7,0,0,18.4,435,100,グラム,1,1
黄大豆の水煮,7.7,6.7,12.9,0,0,6.8,140,100,グラム,1,1
黄大豆(蒸し),13.8,9.8,16.6,0,0,8.8,205,100,グラム,1,1
きなこ,28.5,25.7,36.7,0,0,18.1,450,100,グラム,1,1
大豆はいが,39.5,14.7,37.8,0,0,18.8,442,100,グラム,1,1
ブドウ豆,37,9.4,14.1,0,0,6.3,289,100,グラム,1,1
木綿豆腐,1.6,4.2,6.6,0,0,0.4,72,100,グラム,1,1
絹ごし豆腐,2,3,4.9,0,0,0.3,56,100,グラム,1,1
ソフト豆腐,2,3.3,5.1,0,0,0.4,59,100,グラム,1,1
充てん豆腐,2.5,3.1,5,0,0,0.3,59,100,グラム,1,1
沖縄豆腐,0.7,7.2,9.1,0,0,0.5,106,100,グラム,1,1
ゆし豆腐,1.7,2.8,4.3,0,0,0.3,50,100,グラム,1,1
焼き豆腐,1,5.7,7.8,0,0,0.5,88,100,グラム,1,1
生揚げ,0.9,11.3,10.7,0,0,0.7,150,100,グラム,1,1
油揚げ,0.4,34.4,23.4,0,0,1.3,410,100,グラム,1,1
油揚げ(油抜き),Tr,23.4,18.2,0,0,0.9,288,100,グラム,1,1
だいず　［豆腐・油揚げ類］　油揚げ　油抜き　焼き　,0.7,32.2,24.9,0,0,1.2,398,100,グラム,1,1
油揚げ(ゆで),0.3,13.8,12.4,0,0,0.6,177,100,グラム,1,1
がんもどき,1.6,17.8,15.3,0,0,1.4,228,100,グラム,1,1
高野豆腐,4.2,34.1,50.5,0,0,2.5,536,100,グラム,1,1
高野豆腐,1.1,7.3,10.7,0,0,0.5,115,100,グラム,1,1
豆腐よう,19.1,8.3,9.5,0,0,0.8,189,100,グラム,1,1
豆腐ちくわ,6.7,4.4,14.9,0,0,0.8,126,100,グラム,1,1
豆腐ちくわ(焼き),7.5,4.9,16.1,0,0,0.7,139,100,グラム,1,1
ろくじょう豆腐,3.8,21.5,34.7,0,0,3.2,347,100,グラム,1,1
糸引き納豆,12.1,10,16.5,0,0,6.7,200,100,グラム,1,1
挽きわり納豆　　,10.5,10,16.6,0,0,5.9,194,100,グラム,1,1
五斗納豆,24,8.1,15.3,0,0,4.9,227,100,グラム,1,1
寺納豆,31.5,8.1,18.6,0,0,7.6,271,100,グラム,1,1
おから,13.8,3.6,6.1,0,0,11.5,111,100,グラム,1,1
だいず　［その他］　おから　乾燥　,52.3,13.6,23.1,0,0,43.6,421,100,グラム,1,1
豆乳,3.1,2,3.6,0,0,0.2,46,100,グラム,1,1
調整豆乳,4.8,3.6,3.2,0,0,0.3,64,100,グラム,1,1
豆乳・麦芽コーヒー,7.8,2.2,2.2,0,0,0.1,60,100,グラム,1,1
粒状大豆たんぱく　　,36.7,3,46.3,0,0,17.8,360,100,グラム,1,1
濃縮大豆たんぱく　　,27.9,1.7,58.2,0,0,20.9,361,100,グラム,1,1
分離大豆たんぱく(塩分無調整タイプ)　,7.5,3,79.1,0,0,4.2,388,100,グラム,1,1
分離大豆たんぱく(塩分調整タイプ)　,7.5,3,79.1,0,0,4.2,388,100,グラム,1,1
繊維状大豆たんぱく　　,25.2,5,59.3,0,0,5.6,383,100,グラム,1,1
生湯葉,4.1,13.7,21.8,0,0,0.8,231,100,グラム,1,1
干し湯葉(乾燥),7.2,32.1,50.4,0,0,3,530,100,グラム,1,1
干し湯葉(湯戻し),0.1,10.6,15.7,0,0,1.2,161,100,グラム,1,1
金山寺みそ　　　,50,3.2,6.9,0,0,3.2,256,100,グラム,1,1
ひしおみそ　　　,38.8,2.7,6.5,0,0,2.8,206,100,グラム,1,1
テンペ　　　,15.4,9,15.8,0,0,10.2,202,100,グラム,1,1
つるあずき,27.5,1,9.7,0,0,13.4,159,100,グラム,1,1
ひよこまめ,27.4,2.5,9.5,0,0,11.6,171,100,グラム,1,1
べにばないんげん,22.3,0.6,6.2,0,0,7.6,121,100,グラム,1,1
らいまめ,26,0.9,9.6,0,0,10.9,152,100,グラム,1,1
りょくとう　,22.5,0.6,10.2,0,0,5.2,137,100,グラム,1,1
レンズまめ,29.1,0.8,11.2,0,0,9.4,170,100,グラム,1,1
